<?xml version="1.0" encoding="UTF-8"?>
<!-- 用于直接生成SQL语句，支持同步和异步提交 -->
<!-- title:标题 navigate:导航信息 type:方式（sql|call) interface:是否显示输入条件页面(true|false) 
	databusid:数据总线编号 transdataactionurl:数据整理URL async:异步提交标志 pagesize:页面显示记录数(缺省为10) -->
<CommQry title="帐号名单明细" type="call" interface="true" navigate=""
	async="true" databusid="" transdataactionurl="/trans/TransDataAction.do"
	getterclassname="com.huateng.dxzp.getter.BatchCkFileGetter">
	<Include id="BankParam" />
	<!-- status ：F-基本信息中显示 N-不显示 D-详细信息中显示 A-基本、详细信息中都显示 -->
	<!-- primary ： true-作为表单项记录上传 false-不作为表单项上传 -->
	<Fields>
		<Field id="select" desc="选择" require="false" method="None" readonly="false" size="20" default="" xpath="" type="select" edittype="checkbox" />
		<Field id="recId" desc="记录主键" status="F" require="false" edittype="text" datatype="string" readonly="false" xpath="/recId" size="50" />	
		<Field id="batchType" desc="批量类型" status="F" require="false" edittype="select"  translated="DATA_DIC.76" datatype="string" readonly="false" xpath="/batchType" size="50" />
		<Field id="filePath" desc="文件名" status="F" require="false" edittype="text" datatype="string" readonly="false" xpath="/filePath" size="150" />
		<Field id="fileType" desc="类型" status="F" require="false" edittype="text" datatype="string" readonly="false" xpath="/fileType" size="50" />
		<Field id="fileDate" desc="文件时间" status="F" require="false"
			placeholder="yyyy-MM-dd HH:mm:ss" edittype="timestamp" datatype="timestamp" readonly="false" xpath="/fileDate"
			size="14" width="260" />
		<Field id="downUsr" desc="下载操作员" status="F" require="false" edittype="text" datatype="string" readonly="false" xpath="/downUsr" size="20" />
		<Field id="downTime" desc="下载时间" status="F" require="false"
			placeholder="yyyy-MM-dd HH:mm:ss" edittype="timestamp" datatype="timestamp" readonly="false" xpath="/downTime"
			size="14" width="260" />								
		<Field id="filler1" desc="备用字段" status="F" require="false"
			edittype="text" datatype="string" readonly="false" xpath="/filler1"
			size="50" />
		<Field id="filler2" desc="" status="F" require="false" edittype="text"
			datatype="string" readonly="false" xpath="/filler2" size="50" />
		<Field id="filler3" desc="" status="F" require="false" edittype="text"
			datatype="string" readonly="false" xpath="/filler3" size="50" />
		<Field id="filler4" desc="" status="F" require="false" edittype="text"
			datatype="string" readonly="false" xpath="/filler4" size="50" />
		<Field id="filler5" desc="" status="F" require="false" edittype="text"
			datatype="string" readonly="false" xpath="/filler5" size="50" />
		<Field id="filler6" desc="" status="F" require="false" edittype="text"
			datatype="string" readonly="false" xpath="/filler6" size="50" />
		<Field id="filler7" desc="" status="F" require="false" edittype="text"
			datatype="string" readonly="false" xpath="/filler7" size="50" />
		<Field id="filler8" desc="" status="F" require="false" edittype="text"
			datatype="string" readonly="false" xpath="/filler8" size="50" />
		<Field id="filler9" desc="" status="F" require="false" edittype="text"
			datatype="string" readonly="false" xpath="/filler9" size="50" />
		<Field id="filler10" desc="" status="F" require="false"
			edittype="text" datatype="string" readonly="false" xpath="/filler10"
			size="50" />
		<Field id="filler11" desc="" status="F" require="false"
			edittype="text" datatype="string" readonly="false" xpath="/filler11"
			size="50" />
		<Field id="filler12" desc="" status="F" require="false"
			edittype="text" datatype="string" readonly="false" xpath="/filler12"
			size="50" />
		
	</Fields>
	<Where>
	<Option id="qbatchType"   desc="批量类型" datatype="string" tip="" method="None" index="1" translated="DATA_DIC.76" />
	<TextBox id="qdatebegin" desc="日期起"  require="false"
		datatype="timestamp" method="None"  primary="false" index="2"
		type="String" width="260" />
	<TextBox id="qdateend" desc="至" require="false" 
		datatype="timestamp" method="None" primary="false" index="3" 
		type="String" width="260" />
	</Where>

	<Operations>
		<Button id="btDownload" name="btDownload" desc="批量下载" icon="icon-download" operation="asysubmit" url="#" updateClass="com.huateng.dxzp.checklist.BatchCkFileDownloadServlet"/>
	</Operations>
</CommQry>		